<?xml version="1.0" encoding="UTF-8" standalone="yes"?>
<ns2:export xmlns="http://zakupki.gov.ru/oos/types/1" xmlns:ns6="http://zakupki.gov.ru/oos/CPtypes/1" xmlns:ns5="http://zakupki.gov.ru/oos/TPtypes/1" xmlns:ns8="http://zakupki.gov.ru/oos/EPtypes/1" xmlns:ns7="http://zakupki.gov.ru/oos/pprf615types/1" xmlns:ns9="http://zakupki.gov.ru/oos/SMTypes/1" xmlns:ns11="http://zakupki.gov.ru/oos/control99/1" xmlns:ns10="http://zakupki.gov.ru/oos/printform/1" xmlns:ns2="http://zakupki.gov.ru/oos/export/1" xmlns:ns4="http://zakupki.gov.ru/oos/base/1" xmlns:ns3="http://zakupki.gov.ru/oos/common/1">
    <ns2:fcsNotification111 schemeVersion="10.2.310">
        <id>24969920</id>
        <purchaseNumber>0372400000920000097</purchaseNumber>
        <docPublishDate>2020-11-06T10:19:52.377+02:00</docPublishDate>
        <docNumber>№0372400000920000097</docNumber>
        <href>https://zakupki.gov.ru/epz/order/notice/inm111/view/common-info.html?regNumber=0372400000920000097</href>
        <printForm>
            <url>https://zakupki.gov.ru/epz/order/notice/printForm/view.html?regNumber=0372400000920000097</url>
        </printForm>
        <purchaseObjectInfo>Поставка строительных материалов для ремонта собственными силами и технического обслуживания объектов КЖФ, текущего обслуживания объектов ВКХ и ТХ ЖКС № 1 (г.Калининград) филиала ФГБУ «ЦЖКУ» Минобороны России (по БФ) на 2021 год</purchaseObjectInfo>
        <purchaseResponsible>
            <responsibleOrg>
                <regNum>03724000009</regNum>
                <consRegistryNum>001Н3196</consRegistryNum>
                <fullName>ФИЛИАЛ ФЕДЕРАЛЬНОГО ГОСУДАРСТВЕННОГО БЮДЖЕТНОГО УЧРЕЖДЕНИЯ "ЦЕНТРАЛЬНОЕ ЖИЛИЩНО-КОММУНАЛЬНОЕ УПРАВЛЕНИЕ" МИНИСТЕРСТВА ОБОРОНЫ РОССИЙСКОЙ ФЕДЕРАЦИИ (ПО БФ)</fullName>
                <postAddress>Российская Федерация, 236039, Калининградская обл, Калининград г, УЛИЦА Б.ХМЕЛЬНИЦКОГО, ДОМ 51</postAddress>
                <factAddress>Российская Федерация, 236039, Калининградская обл, Калининград г, УЛИЦА Б.ХМЕЛЬНИЦКОГО, ДОМ 51</factAddress>
                <INN>7729314745</INN>
                <KPP>390643001</KPP>
            </responsibleOrg>
            <responsibleRole>CU</responsibleRole>
        </purchaseResponsible>
        <placingWay>
            <code>ZA111</code>
            <name>Закрытый аукцион с учетом положений ст. 111 Закона № 44-ФЗ</name>
        </placingWay>
        <procedureInfo>
            <collectingEndDate>2020-11-17T09:00:00+03:00</collectingEndDate>
        </procedureInfo>
        <lots>
            <lot>
                <lotNumber>1</lotNumber>
                <maxPrice>563998.44</maxPrice>
                <currency>
                    <code>RUB</code>
                    <name>Российский рубль</name>
                </currency>
                <purchaseObjects>
                    <purchaseObject>
                        <OKPD2>
                            <code>20.30.22.120</code>
                            <name>Шпатлевки</name>
                        </OKPD2>
                        <name>Шпатлевки,</name>
                    </purchaseObject>
                    <purchaseObject>
                        <OKPD2>
                            <code>20.30.22.160</code>
                            <name>Замазки</name>
                        </OKPD2>
                        <name>Замазки,</name>
                    </purchaseObject>
                    <purchaseObject>
                        <OKPD2>
                            <code>20.30.12.130</code>
                            <name>Эмали на основе сложных полиэфиров, акриловых или виниловых полимеров в неводной среде</name>
                        </OKPD2>
                        <name>Эмали на основе сложных полиэфиров, акриловых или виниловых полимеров в неводной среде,</name>
                    </purchaseObject>
                    <purchaseObject>
                        <OKPD2>
                            <code>20.30.12.130</code>
                            <name>Эмали на основе сложных полиэфиров, акриловых или виниловых полимеров в неводной среде</name>
                        </OKPD2>
                        <name>Эмали на основе сложных полиэфиров, акриловых или виниловых полимеров в неводной среде,</name>
                    </purchaseObject>
                    <purchaseObject>
                        <OKPD2>
                            <code>20.30.12.130</code>
                            <name>Эмали на основе сложных полиэфиров, акриловых или виниловых полимеров в неводной среде</name>
                        </OKPD2>
                        <name>Эмали на основе сложных полиэфиров, акриловых или виниловых полимеров в неводной среде,</name>
                    </purchaseObject>
                    <purchaseObject>
                        <OKPD2>
                            <code>20.30.12.130</code>
                            <name>Эмали на основе сложных полиэфиров, акриловых или виниловых полимеров в неводной среде</name>
                        </OKPD2>
                        <name>Эмали на основе сложных полиэфиров, акриловых или виниловых полимеров в неводной среде,</name>
                    </purchaseObject>
                    <purchaseObject>
                        <OKPD2>
                            <code>20.30.12.130</code>
                            <name>Эмали на основе сложных полиэфиров, акриловых или виниловых полимеров в неводной среде</name>
                        </OKPD2>
                        <name>Эмали на основе сложных полиэфиров, акриловых или виниловых полимеров в неводной среде,</name>
                    </purchaseObject>
                    <purchaseObject>
                        <OKPD2>
                            <code>20.30.11.120</code>
                            <name>Краски на основе акриловых или виниловых полимеров в водной среде</name>
                        </OKPD2>
                        <name>Краски на основе акриловых или виниловых полимеров в водной среде,</name>
                    </purchaseObject>
                    <purchaseObject>
                        <OKPD2>
                            <code>20.30.11.120</code>
                            <name>Краски на основе акриловых или виниловых полимеров в водной среде</name>
                        </OKPD2>
                        <name>Краски на основе акриловых или виниловых полимеров в водной среде,</name>
                    </purchaseObject>
                    <purchaseObject>
                        <OKPD2>
                            <code>20.30.22.220</code>
                            <name>Растворители и разбавители органические сложные; составы готовые для удаления красок и лаков (смывки)</name>
                        </OKPD2>
                        <name>Растворители и разбавители органические сложные; составы готовые для удаления красок и лаков (смывки),</name>
                    </purchaseObject>
                    <purchaseObject>
                        <OKPD2>
                            <code>20.30.11.130</code>
                            <name>Грунтовки на основе акриловых или виниловых полимеров в водной среде</name>
                        </OKPD2>
                        <name>Грунтовки на основе акриловых или виниловых полимеров в водной среде,</name>
                    </purchaseObject>
                    <purchaseObject>
                        <OKPD2>
                            <code>20.30.11.130</code>
                            <name>Грунтовки на основе акриловых или виниловых полимеров в водной среде</name>
                        </OKPD2>
                        <name>Грунтовки на основе акриловых или виниловых полимеров в водной среде,</name>
                    </purchaseObject>
                    <purchaseObject>
                        <OKPD2>
                            <code>20.30.22.170</code>
                            <name>Герметики</name>
                        </OKPD2>
                        <name>Герметики,</name>
                    </purchaseObject>
                    <purchaseObject>
                        <OKPD2>
                            <code>20.30.22.170</code>
                            <name>Герметики</name>
                        </OKPD2>
                        <name>Герметики,</name>
                    </purchaseObject>
                    <purchaseObject>
                        <OKPD2>
                            <code>20.30.22.170</code>
                            <name>Герметики</name>
                        </OKPD2>
                        <name>Герметики,</name>
                    </purchaseObject>
                    <purchaseObject>
                        <OKPD2>
                            <code>23.20.12.110</code>
                            <name>Кирпичи огнеупорные, кроме изделий из кремнеземистой каменной муки или диатомитовых земель</name>
                        </OKPD2>
                        <name>Кирпичи огнеупорные, кроме изделий из кремнеземистой каменной муки или диатомитовых земель,</name>
                    </purchaseObject>
                    <purchaseObject>
                        <OKPD2>
                            <code>23.20.13.120</code>
                            <name>Растворы строительные огнеупорные</name>
                        </OKPD2>
                        <name>Растворы строительные огнеупорные,</name>
                    </purchaseObject>
                    <purchaseObject>
                        <OKPD2>
                            <code>20.52.10.190</code>
                            <name>Клеи прочие</name>
                        </OKPD2>
                        <name>Клеи прочие,</name>
                    </purchaseObject>
                    <purchaseObject>
                        <OKPD2>
                            <code>20.52.10.190</code>
                            <name>Клеи прочие</name>
                        </OKPD2>
                        <name>Клеи прочие,</name>
                    </purchaseObject>
                    <purchaseObject>
                        <OKPD2>
                            <code>20.30.22.120</code>
                            <name>Шпатлевки</name>
                        </OKPD2>
                        <name>Шпатлевки,</name>
                    </purchaseObject>
                    <purchaseObject>
                        <OKPD2>
                            <code>20.30.12.130</code>
                            <name>Эмали на основе сложных полиэфиров, акриловых или виниловых полимеров в неводной среде</name>
                        </OKPD2>
                        <name>Эмали на основе сложных полиэфиров, акриловых или виниловых полимеров в неводной среде,</name>
                    </purchaseObject>
                    <purchaseObject>
                        <OKPD2>
                            <code>20.30.12.130</code>
                            <name>Эмали на основе сложных полиэфиров, акриловых или виниловых полимеров в неводной среде</name>
                        </OKPD2>
                        <name>Эмали на основе сложных полиэфиров, акриловых или виниловых полимеров в неводной среде,</name>
                    </purchaseObject>
                    <purchaseObject>
                        <OKPD2>
                            <code>20.30.12.130</code>
                            <name>Эмали на основе сложных полиэфиров, акриловых или виниловых полимеров в неводной среде</name>
                        </OKPD2>
                        <name>Эмали на основе сложных полиэфиров, акриловых или виниловых полимеров в неводной среде,</name>
                    </purchaseObject>
                    <purchaseObject>
                        <OKPD2>
                            <code>20.30.12.130</code>
                            <name>Эмали на основе сложных полиэфиров, акриловых или виниловых полимеров в неводной среде</name>
                        </OKPD2>
                        <name>Эмали на основе сложных полиэфиров, акриловых или виниловых полимеров в неводной среде,</name>
                    </purchaseObject>
                </purchaseObjects>
                <preferenses>
                    <preferense>
                        <shortName>JB2149</shortName>
                        <name>Запрет на допуск товаров, услуг при осуществлении закупок, а также ограничения и условия допуска в соответствии с требованиями, установленными статьей 14 Федерального закона № 44-ФЗ</name>
                    </preferense>
                    <preferense>
                        <shortName>RBK126</shortName>
                        <name>Участникам, заявки или окончательные предложения которых содержат предложения о поставке товаров в соответствии с приказом Минфина России № 126н от 04.06.2018</name>
                        <prefValue>15.0</prefValue>
                    </preferense>
                </preferenses>
                <requirements>
                    <requirement>
                        <shortName>ET44</shortName>
                        <name>Единые требования к участникам (в соответствии с частью 1 Статьи 31 Федерального закона № 44-ФЗ)</name>
                        <content>В соответствии с п. 3-5, 7, 7.1, 9-11 ч. 1 ст. 31 Федерального закона № 44-ФЗ </content>
                    </requirement>
                    <requirement>
                        <shortName>TR442</shortName>
                        <name>Требования к участникам закупок в соответствии с частью 1.1 статьи 31 Федерального закона № 44-ФЗ</name>
                        <content>Отсутствие в реестре недобросовестных поставщиков (подрядчиков, исполнителей) информации об участнике закупки, в том числе информации об учредителях, о членах коллегиального исполнительного органа, лице, исполняющем функции единоличного исполнительного органа участника закупки. </content>
                    </requirement>
                </requirements>
                <restrictions>
                    <restriction>
                        <shortName>JB2149</shortName>
                        <name>Запрет на допуск товаров, услуг при осуществлении закупок, а также ограничения и условия допуска в соответствии с требованиями, установленными статьей 14 Федерального закона № 44-ФЗ</name>
                        <restrictionsSt14>
                            <ns3:restrictionSt14>
                                <ns3:requirementsType>
                                    <ns3:requirementType>
                                        <ns3:type>AC</ns3:type>
                                    </ns3:requirementType>
                                </ns3:requirementsType>
                                <ns3:NPAInfo>
                                    <ns4:code>1</ns4:code>
                                    <ns4:name>Участникам, заявки или окончательные предложения которых содержат предложения о поставке товаров в соответствии с приказом Минфина России № 126н от 04.06.2018</ns4:name>
                                    <ns4:shortName>Приказ Минфина 126н от 04.06.2018</ns4:shortName>
                                </ns3:NPAInfo>
                            </ns3:restrictionSt14>
                            <ns3:restrictionSt14>
                                <ns3:requirementsType>
                                    <ns3:requirementType>
                                        <ns3:type>BAN</ns3:type>
                                    </ns3:requirementType>
                                </ns3:requirementsType>
                                <ns3:NPAInfo>
                                    <ns4:code>19</ns4:code>
                                    <ns4:name>Постановление Правительства РФ от 30.04.2020 № 616 "Об установлении запрета на допуск промышленных товаров, происходящих из иностранных государств, для целей осуществления закупок для государственных и муниципальных нужд, а также промышленных товаров, происходящих из иностранных государств, работ (услуг), выполняемых (оказываемых) иностранными лицами, для целей осуществления закупок для нужд обороны страны и безопасности государства"</ns4:name>
                                    <ns4:shortName>Постановление Правительства РФ от 30.04.2020 № 616</ns4:shortName>
                                </ns3:NPAInfo>
                                <ns3:exception>
                                    <ns3:imposibilityBan>true</ns3:imposibilityBan>
                                    <ns3:imposibilityBanReason>Указанный запрет не применяется в соответствии с пунктом б частью 3 Постановления Правительства РФ от 30.04.2020 № 616.</ns3:imposibilityBanReason>
                                </ns3:exception>
                            </ns3:restrictionSt14>
                        </restrictionsSt14>
                    </restriction>
                </restrictions>
                <purchaseCode>201772931474539064300101690010000000</purchaseCode>
                <IKZInfo>
                    <publishYear>2020</publishYear>
                    <OKPD2Info>
                        <ns3:undefined>0000</ns3:undefined>
                    </OKPD2Info>
                    <KVRInfo>
                        <ns3:undefined>000</ns3:undefined>
                    </KVRInfo>
                    <customerCode>17729314745390643001</customerCode>
                    <purchaseNumber>0169</purchaseNumber>
                    <purchaseOrderNumber>001</purchaseOrderNumber>
                </IKZInfo>
                <contractExecutionPaymentPlan>
                    <financingSourcesInfo>
                        <financingSource>средства субсидии на финансовое обеспечение выполнения государственного задания из федерального бюджета</financingSource>
                        <currentYear>2020</currentYear>
                        <financeInfo>
                            <total>563998.44</total>
                            <currentYear>0</currentYear>
                            <firstYear>563998.44</firstYear>
                            <secondYear>0</secondYear>
                            <subsecYears>0</subsecYears>
                        </financeInfo>
                    </financingSourcesInfo>
                    <KVRsInfo>
                        <ns3:currentYear>2020</ns3:currentYear>
                        <ns3:KVRInfo>
                            <ns3:KVR>
                                <ns4:code>244</ns4:code>
                                <ns4:name>Прочая закупка товаров, работ и услуг</ns4:name>
                            </ns3:KVR>
                            <ns3:KVRYearsInfo>
                                <ns3:total>563998.44</ns3:total>
                                <ns3:currentYear>0</ns3:currentYear>
                                <ns3:firstYear>563998.44</ns3:firstYear>
                                <ns3:secondYear>0</ns3:secondYear>
                                <ns3:subsecYears>0</ns3:subsecYears>
                            </ns3:KVRYearsInfo>
                        </ns3:KVRInfo>
                        <ns3:totalSum>563998.44</ns3:totalSum>
                    </KVRsInfo>
                </contractExecutionPaymentPlan>
                <mustPublicDiscussion>false</mustPublicDiscussion>
            </lot>
        </lots>
        <particularsActProcurement>Постановление Правительства Российской Федерации от 27 ноября 2017 г. №1428 «Об особенностях осуществления закупки для нужд обороны страны и безопасности государства».</particularsActProcurement>
    </ns2:fcsNotification111>
</ns2:export>