<?xml version="1.0" encoding="UTF-8" standalone="yes"?>
<ns2:export xmlns="http://zakupki.gov.ru/oos/types/1" xmlns:ns6="http://zakupki.gov.ru/oos/CPtypes/1" xmlns:ns5="http://zakupki.gov.ru/oos/TPtypes/1" xmlns:ns8="http://zakupki.gov.ru/oos/EPtypes/1" xmlns:ns7="http://zakupki.gov.ru/oos/pprf615types/1" xmlns:ns9="http://zakupki.gov.ru/oos/SMTypes/1" xmlns:ns11="http://zakupki.gov.ru/oos/control99/1" xmlns:ns10="http://zakupki.gov.ru/oos/printform/1" xmlns:ns2="http://zakupki.gov.ru/oos/export/1" xmlns:ns4="http://zakupki.gov.ru/oos/base/1" xmlns:ns3="http://zakupki.gov.ru/oos/common/1">
    <ns2:fcsPlacementResult schemeVersion="10.2.310">
        <purchaseNumber>0335300048220000092</purchaseNumber>
        <lotNumber>1</lotNumber>
        <foundationProtocolNumber>0335300048220000092-2-2</foundationProtocolNumber>
        <versionNumber>0</versionNumber>
        <createDate>2020-11-12T14:40:13.277+02:00</createDate>
        <procedurelFailed>true</procedurelFailed>
        <abandonedReason>
            <code>EAP44PPINS</code>
            <objectName>fcsProtocolEF3</objectName>
            <name>В течение десяти минут после начала проведения электронного аукциона ни один из его участников не подал предложение о цене контракта (ч.20 ст.68 44-ФЗ). По результатам рассмотрения вторых частей заявок принято решение о соответствии требованиям, установленным документацией об электронном аукционе, двух и более вторых частей заявок.</name>
            <type>NS</type>
        </abandonedReason>
        <applications>
            <application>
                <journalNumber>1</journalNumber>
                <appRating>1</appRating>
                <result>CC</result>
                <price>11440</price>
            </application>
        </applications>
        <result>CC</result>
    </ns2:fcsPlacementResult>
</ns2:export>