<?xml version="1.0" encoding="UTF-8" standalone="yes"?>
<ns2:export xmlns="http://zakupki.gov.ru/oos/types/1" xmlns:ns6="http://zakupki.gov.ru/oos/CPtypes/1" xmlns:ns5="http://zakupki.gov.ru/oos/TPtypes/1" xmlns:ns8="http://zakupki.gov.ru/oos/EPtypes/1" xmlns:ns7="http://zakupki.gov.ru/oos/pprf615types/1" xmlns:ns9="http://zakupki.gov.ru/oos/SMTypes/1" xmlns:ns11="http://zakupki.gov.ru/oos/control99/1" xmlns:ns10="http://zakupki.gov.ru/oos/printform/1" xmlns:ns2="http://zakupki.gov.ru/oos/export/1" xmlns:ns4="http://zakupki.gov.ru/oos/base/1" xmlns:ns3="http://zakupki.gov.ru/oos/common/1">
    <ns2:epProlongationEZK schemeVersion="10.2.310">
        <ns8:id>205064</ns8:id>
        <ns8:commonInfo>
            <ns8:purchaseNumber>0335200002520000023</ns8:purchaseNumber>
            <ns8:docNumber>№ИПС1</ns8:docNumber>
            <ns8:docDT>2020-11-19T07:37:32.574+02:00</ns8:docDT>
            <ns8:docPublishDTInEIS>2020-11-19T07:37:44.185+02:00</ns8:docPublishDTInEIS>
            <ns8:href>https://zakupki.gov.ru/epz/order/notice/zk504/view/documents.html?regNumber=0335200002520000023</ns8:href>
        </ns8:commonInfo>
        <ns8:printFormInfo>
            <ns3:url>https://zakupki.gov.ru/epz/order/notice/printForm/view.html?regNumber=0335200002520000023</ns3:url>
        </ns8:printFormInfo>
        <ns8:prolongationInfo>
            <ns8:collectingEndDT>2020-11-19T00:00:00+02:00</ns8:collectingEndDT>
            <ns8:newCollectingEndDT>2020-11-26T08:37:00+02:00</ns8:newCollectingEndDT>
        </ns8:prolongationInfo>
    </ns2:epProlongationEZK>
</ns2:export>