<?xml version="1.0" encoding="UTF-8" standalone="yes"?>
<ns2:export xmlns="http://zakupki.gov.ru/oos/types/1" xmlns:ns6="http://zakupki.gov.ru/oos/CPtypes/1" xmlns:ns5="http://zakupki.gov.ru/oos/TPtypes/1" xmlns:ns8="http://zakupki.gov.ru/oos/EPtypes/1" xmlns:ns7="http://zakupki.gov.ru/oos/pprf615types/1" xmlns:ns9="http://zakupki.gov.ru/oos/SMTypes/1" xmlns:ns11="http://zakupki.gov.ru/oos/control99/1" xmlns:ns10="http://zakupki.gov.ru/oos/printform/1" xmlns:ns2="http://zakupki.gov.ru/oos/export/1" xmlns:ns4="http://zakupki.gov.ru/oos/base/1" xmlns:ns3="http://zakupki.gov.ru/oos/common/1">
    <ns2:fcs_notificationEFDateChange schemeVersion="10.2.310">
        <id>50233</id>
        <purchaseNumber>0335300000220000476</purchaseNumber>
        <docNumber>№УИА1</docNumber>
        <docPublishDate>2020-11-02T13:57:29.611+02:00</docPublishDate>
        <purchaseResponsible>
            <responsibleOrg>
                <regNum>03353000002</regNum>
                <consRegistryNum>27300002</consRegistryNum>
                <fullName>КОМИТЕТ ЭКОНОМИКИ И ФИНАНСОВ АДМИНИСТРАЦИИ ГОРОДСКОГО ОКРУГА "ГОРОД КАЛИНИНГРАД"</fullName>
            </responsibleOrg>
            <responsibleRole>RA</responsibleRole>
        </purchaseResponsible>
        <purchaseObjectInfo>Оборудование пищеблока для оснащения объекта "Строительство общеобразовательной школы по ул. Артиллерийской в г. Калининграде"</purchaseObjectInfo>
        <placingWay>
            <code>EAP44</code>
            <name>Электронный аукцион</name>
        </placingWay>
        <auctionTime>2020-10-21T12:00:00+03:00</auctionTime>
        <newAuctionDate>2020-11-05T00:00:00+03:00</newAuctionDate>
        <reason>
            <authorityPrescription>
                <externalPrescription>
                    <authorityName>Управление Федеральной антимонопольной службы по Калининградской области</authorityName>
                    <authorityType>FA</authorityType>
                    <docName>Предписание</docName>
                    <docDate>2020-10-29T00:00:00+03:00</docDate>
                    <docNumber>141-кс/2020</docNumber>
                </externalPrescription>
            </authorityPrescription>
            <addInfo></addInfo>
        </reason>
        <href>https://zakupki.gov.ru/epz/order/notice/ea44/view/documents.html?regNumber=0335300000220000476</href>
        <printForm>
            <url>https://zakupki.gov.ru/epz/order/notice/printForm/viewXml.html?noticeChangeAuctionDateId=50233</url>
        </printForm>
    </ns2:fcs_notificationEFDateChange>
</ns2:export>