<?xml version="1.0" encoding="UTF-8" standalone="yes"?>
<ns2:export xmlns="http://zakupki.gov.ru/oos/types/1" xmlns:ns6="http://zakupki.gov.ru/oos/CPtypes/1" xmlns:ns5="http://zakupki.gov.ru/oos/TPtypes/1" xmlns:ns8="http://zakupki.gov.ru/oos/EPtypes/1" xmlns:ns7="http://zakupki.gov.ru/oos/pprf615types/1" xmlns:ns9="http://zakupki.gov.ru/oos/SMTypes/1" xmlns:ns11="http://zakupki.gov.ru/oos/control99/1" xmlns:ns10="http://zakupki.gov.ru/oos/printform/1" xmlns:ns2="http://zakupki.gov.ru/oos/export/1" xmlns:ns4="http://zakupki.gov.ru/oos/base/1" xmlns:ns3="http://zakupki.gov.ru/oos/common/1">
    <ns2:fcsPlacementResult schemeVersion="10.2.310">
        <purchaseNumber>0135100003620000022</purchaseNumber>
        <lotNumber>1</lotNumber>
        <foundationProtocolNumber>0135100003620000022-1</foundationProtocolNumber>
        <versionNumber>0</versionNumber>
        <createDate>2020-11-03T16:41:05.924+02:00</createDate>
        <procedurelFailed>true</procedurelFailed>
        <abandonedReason>
            <code>EA44PRNV</code>
            <objectName>fcsProtocolEF1</objectName>
            <name>По результатам рассмотрения первых частей заявок к участию в аукционе не допущено ни одной заявки (ч. 8 ст. 67)</name>
            <type>NV</type>
        </abandonedReason>
        <result>RC</result>
    </ns2:fcsPlacementResult>
</ns2:export>