<?xml version="1.0" encoding="UTF-8" standalone="yes"?>
<ns2:export xmlns="http://zakupki.gov.ru/oos/types/1" xmlns:ns6="http://zakupki.gov.ru/oos/CPtypes/1" xmlns:ns5="http://zakupki.gov.ru/oos/TPtypes/1" xmlns:ns8="http://zakupki.gov.ru/oos/EPtypes/1" xmlns:ns7="http://zakupki.gov.ru/oos/pprf615types/1" xmlns:ns9="http://zakupki.gov.ru/oos/SMTypes/1" xmlns:ns11="http://zakupki.gov.ru/oos/control99/1" xmlns:ns10="http://zakupki.gov.ru/oos/printform/1" xmlns:ns2="http://zakupki.gov.ru/oos/export/1" xmlns:ns4="http://zakupki.gov.ru/oos/base/1" xmlns:ns3="http://zakupki.gov.ru/oos/common/1">
    <ns2:fcsNotification111 schemeVersion="10.2.310">
        <id>25036306</id>
        <purchaseNumber>0372400000920000101</purchaseNumber>
        <docPublishDate>2020-11-13T11:09:25.203+02:00</docPublishDate>
        <docNumber>№0372400000920000101</docNumber>
        <href>https://zakupki.gov.ru/epz/order/notice/inm111/view/common-info.html?regNumber=0372400000920000101</href>
        <printForm>
            <url>https://zakupki.gov.ru/epz/order/notice/printForm/view.html?regNumber=0372400000920000101</url>
        </printForm>
        <purchaseObjectInfo>Оказание услуг по технической эксплуатации и аварийному обслуживанию сетей газораспределения (газопроводов низкого давления) для нужд ЖКС № 1 (г. Калининград) филиала ФГБУ «ЦЖКУ» Минобороны России (по БФ) на 2021 год</purchaseObjectInfo>
        <purchaseResponsible>
            <responsibleOrg>
                <regNum>03724000009</regNum>
                <consRegistryNum>001Н3196</consRegistryNum>
                <fullName>ФИЛИАЛ ФЕДЕРАЛЬНОГО ГОСУДАРСТВЕННОГО БЮДЖЕТНОГО УЧРЕЖДЕНИЯ "ЦЕНТРАЛЬНОЕ ЖИЛИЩНО-КОММУНАЛЬНОЕ УПРАВЛЕНИЕ" МИНИСТЕРСТВА ОБОРОНЫ РОССИЙСКОЙ ФЕДЕРАЦИИ (ПО БФ)</fullName>
                <postAddress>Российская Федерация, 236039, Калининградская обл, Калининград г, УЛИЦА Б.ХМЕЛЬНИЦКОГО, ДОМ 51</postAddress>
                <factAddress>Российская Федерация, 236039, Калининградская обл, Калининград г, УЛИЦА Б.ХМЕЛЬНИЦКОГО, ДОМ 51</factAddress>
                <INN>7729314745</INN>
                <KPP>390643001</KPP>
            </responsibleOrg>
            <responsibleRole>CU</responsibleRole>
        </purchaseResponsible>
        <placingWay>
            <code>ZA111</code>
            <name>Закрытый аукцион с учетом положений ст. 111 Закона № 44-ФЗ</name>
        </placingWay>
        <procedureInfo>
            <collectingEndDate>2020-11-23T09:00:00+03:00</collectingEndDate>
        </procedureInfo>
        <lots>
            <lot>
                <lotNumber>1</lotNumber>
                <maxPrice>111804.75</maxPrice>
                <currency>
                    <code>RUB</code>
                    <name>Российский рубль</name>
                </currency>
                <purchaseObjects>
                    <purchaseObject>
                        <OKPD2>
                            <code>33.12.19.000</code>
                            <name>Услуги по ремонту и техническому обслуживанию прочего оборудования общего назначения, не включенного в другие группировки</name>
                        </OKPD2>
                        <name>Услуги по ремонту и техническому обслуживанию прочего оборудования общего назначения, не включенного в другие группировки,</name>
                    </purchaseObject>
                </purchaseObjects>
                <requirements>
                    <requirement>
                        <shortName>ET44</shortName>
                        <name>Единые требования к участникам (в соответствии с частью 1 Статьи 31 Федерального закона № 44-ФЗ)</name>
                        <content>В соответствии с п. 3-5, 7, 7.1, 9-11 ч. 1 ст. 31 Федерального закона № 44-ФЗ</content>
                    </requirement>
                    <requirement>
                        <shortName>TR442</shortName>
                        <name>Требования к участникам закупок в соответствии с частью 1.1 статьи 31 Федерального закона № 44-ФЗ</name>
                        <content>Отсутствие в реестре недобросовестных поставщиков (подрядчиков, исполнителей) информации об участнике закупки, в том числе информации об учредителях, о членах коллегиального исполнительного органа, лице, исполняющем функции единоличного исполнительного органа участника закупки.</content>
                    </requirement>
                </requirements>
                <purchaseCode>201772931474539064300101710013312000</purchaseCode>
                <IKZInfo>
                    <publishYear>2020</publishYear>
                    <OKPD2Info>
                        <ns3:OKPD2>
                            <ns4:OKPDCode>33.12</ns4:OKPDCode>
                            <ns4:OKPDName>Услуги по ремонту оборудования</ns4:OKPDName>
                        </ns3:OKPD2>
                    </OKPD2Info>
                    <KVRInfo>
                        <ns3:undefined>000</ns3:undefined>
                    </KVRInfo>
                    <customerCode>17729314745390643001</customerCode>
                    <purchaseNumber>0171</purchaseNumber>
                    <purchaseOrderNumber>001</purchaseOrderNumber>
                </IKZInfo>
                <contractExecutionPaymentPlan>
                    <financingSourcesInfo>
                        <financingSource>средства субсидии на финансовое обеспечение выполнения государственного задания из федерального бюджета</financingSource>
                        <currentYear>2020</currentYear>
                        <financeInfo>
                            <total>111804.75</total>
                            <currentYear>0</currentYear>
                            <firstYear>111804.75</firstYear>
                            <secondYear>0</secondYear>
                            <subsecYears>0</subsecYears>
                        </financeInfo>
                    </financingSourcesInfo>
                    <KVRsInfo>
                        <ns3:currentYear>2020</ns3:currentYear>
                        <ns3:KVRInfo>
                            <ns3:KVR>
                                <ns4:code>244</ns4:code>
                                <ns4:name>Прочая закупка товаров, работ и услуг</ns4:name>
                            </ns3:KVR>
                            <ns3:KVRYearsInfo>
                                <ns3:total>111804.75</ns3:total>
                                <ns3:currentYear>0</ns3:currentYear>
                                <ns3:firstYear>111804.75</ns3:firstYear>
                                <ns3:secondYear>0</ns3:secondYear>
                                <ns3:subsecYears>0</ns3:subsecYears>
                            </ns3:KVRYearsInfo>
                        </ns3:KVRInfo>
                        <ns3:totalSum>111804.75</ns3:totalSum>
                    </KVRsInfo>
                </contractExecutionPaymentPlan>
                <mustPublicDiscussion>false</mustPublicDiscussion>
            </lot>
        </lots>
        <particularsActProcurement>Постановление Правительства Российской Федерации от 27 ноября 2017 г. №1428 «Об особенностях осуществления закупки для нужд обороны страны и безопасности государства».</particularsActProcurement>
    </ns2:fcsNotification111>
</ns2:export>